sentiment,sentiment_confidence,entity_completeness,amenities_count,budget_amount,turn_count,message_length,score,tier,label_source,lead_features_id
frustrated,0.9491683840751648,1.0,1,10000000.0,2,76,50.29,warm,heuristic_bootstrap,416
frustrated,0.9386172294616699,0.75,2,,2,64,23.17,cold,heuristic_bootstrap,509
hesitant,0.9433509707450867,0.75,1,,2,70,38.0,cold,heuristic_bootstrap,244
frustrated,0.9564733505249023,0.75,1,,2,67,21.06,cold,heuristic_bootstrap,186
frustrated,0.9404956698417664,0.75,1,,2,68,21.41,cold,heuristic_bootstrap,643
enthusiastic,0.9580990076065063,0.75,1,,2,55,53.77,warm,heuristic_bootstrap,348
hesitant,0.9446288347244263,1.0,2,4500000.0,2,94,70.1,hot,heuristic_bootstrap,336
enthusiastic,0.9629589319229126,1.0,3,5000000.0,2,92,88.82,hot,heuristic_bootstrap,621
enthusiastic,0.9575992822647095,1.0,3,3000000.0,2,82,88.06,hot,heuristic_bootstrap,455
enthusiastic,0.9629043340682983,0.75,2,,2,67,56.65,warm,heuristic_bootstrap,64
hesitant,0.9459949135780334,0.75,2,,2,65,39.67,cold,heuristic_bootstrap,563
hesitant,0.9442151188850403,1.0,3,6500000.0,2,72,70.63,hot,heuristic_bootstrap,116
hesitant,0.9405480623245239,1.0,3,10000000.0,2,86,71.57,hot,heuristic_bootstrap,385
hesitant,0.9392989277839661,0.75,2,,2,61,39.4,cold,heuristic_bootstrap,173
hesitant,0.9418897032737732,0.75,3,,2,83,42.87,warm,heuristic_bootstrap,177
enthusiastic,0.962102472782135,1.0,1,4500000.0,2,73,83.54,hot,heuristic_bootstrap,6
frustrated,0.953665018081665,0.75,2,,2,70,23.31,cold,heuristic_bootstrap,631
hesitant,0.9357810616493225,1.0,3,12000000.0,2,69,70.43,hot,heuristic_bootstrap,29
enthusiastic,0.9629974365234375,1.0,1,3000000.0,2,103,85.55,hot,heuristic_bootstrap,516
hesitant,0.946029782295227,1.0,1,10000000.0,2,80,67.17,warm,heuristic_bootstrap,3
hesitant,0.945552408695221,0.75,3,,2,68,41.87,warm,heuristic_bootstrap,181
frustrated,0.9381511807441711,0.75,2,,2,63,23.12,cold,heuristic_bootstrap,201
enthusiastic,0.9624073505401611,0.75,2,,2,64,56.44,warm,heuristic_bootstrap,150
enthusiastic,0.9622132778167725,1.0,2,8000000.0,2,74,85.61,hot,heuristic_bootstrap,690
frustrated,0.9403495192527771,1.0,1,3000000.0,2,66,49.78,warm,heuristic_bootstrap,273
enthusiastic,0.9623778462409973,0.75,2,,2,69,56.77,warm,heuristic_bootstrap,256
enthusiastic,0.958044707775116,1.0,2,12000000.0,2,79,85.87,hot,heuristic_bootstrap,523
hesitant,0.9385509490966797,0.75,1,,2,60,37.33,cold,heuristic_bootstrap,312
frustrated,0.955202043056488,1.0,2,5000000.0,2,88,52.98,warm,heuristic_bootstrap,468
enthusiastic,0.9622699022293091,0.75,3,,2,79,59.44,warm,heuristic_bootstrap,40
frustrated,0.9494252800941467,0.75,3,,2,57,24.52,cold,heuristic_bootstrap,421
enthusiastic,0.9627568125724792,0.75,3,,2,78,59.38,warm,heuristic_bootstrap,325
enthusiastic,0.9555939435958862,0.75,3,,2,60,58.06,warm,heuristic_bootstrap,399
hesitant,0.9270505905151367,1.0,2,10000000.0,2,89,69.77,warm,heuristic_bootstrap,360
enthusiastic,0.9633775353431702,1.0,1,12000000.0,2,91,84.76,hot,heuristic_bootstrap,641
frustrated,0.9372938275337219,0.75,3,,2,68,25.46,cold,heuristic_bootstrap,101
hesitant,0.9447839260101318,0.75,2,,2,75,40.33,warm,heuristic_bootstrap,178
enthusiastic,0.957358717918396,0.75,1,,2,66,54.49,warm,heuristic_bootstrap,660
frustrated,0.9353635907173157,0.75,3,,2,64,25.23,cold,heuristic_bootstrap,560
hesitant,0.9384472370147705,0.75,2,,2,60,39.33,cold,heuristic_bootstrap,376
enthusiastic,0.9620927572250366,0.75,2,,2,78,57.37,warm,heuristic_bootstrap,584
enthusiastic,0.962701678276062,0.75,3,,2,67,58.65,warm,heuristic_bootstrap,15
frustrated,0.9535651803016663,0.75,1,,2,71,21.38,cold,heuristic_bootstrap,630
frustrated,0.9381328821182251,0.75,2,,2,64,23.18,cold,heuristic_bootstrap,266
enthusiastic,0.9625623822212219,0.75,1,,2,65,54.51,warm,heuristic_bootstrap,539
enthusiastic,0.9587689638137817,1.0,1,5000000.0,2,87,84.41,hot,heuristic_bootstrap,106
enthusiastic,0.9572444558143616,0.75,3,,2,55,57.75,warm,heuristic_bootstrap,351
enthusiastic,0.9637001752853394,0.75,1,,2,62,54.33,warm,heuristic_bootstrap,139
enthusiastic,0.9586533308029175,0.75,1,,2,64,54.38,warm,heuristic_bootstrap,379
enthusiastic,0.9625760912895203,1.0,1,8000000.0,2,81,84.08,hot,heuristic_bootstrap,588
hesitant,0.9340389966964722,1.0,2,10000000.0,2,70,68.5,warm,heuristic_bootstrap,579
enthusiastic,0.9578495621681213,1.0,2,3000000.0,2,62,84.73,hot,heuristic_bootstrap,417
frustrated,0.9370473623275757,0.75,2,,2,64,23.2,cold,heuristic_bootstrap,418
hesitant,0.9467040300369263,0.75,3,,2,70,42.0,warm,heuristic_bootstrap,478
hesitant,0.9426268339157104,0.75,2,,2,77,40.47,warm,heuristic_bootstrap,396
hesitant,0.9403406977653503,1.0,2,10000000.0,2,74,68.77,warm,heuristic_bootstrap,175
frustrated,0.9393336176872253,0.75,2,,2,66,23.29,cold,heuristic_bootstrap,527
hesitant,0.9010480642318726,0.75,1,,2,68,37.87,cold,heuristic_bootstrap,228
hesitant,0.9384068250656128,0.75,2,,2,77,40.47,warm,heuristic_bootstrap,662
frustrated,0.9524813294410706,1.0,1,12000000.0,2,93,51.36,warm,heuristic_bootstrap,25
frustrated,0.953065812587738,0.75,3,,2,80,25.99,cold,heuristic_bootstrap,313
frustrated,0.9494162201881409,0.75,1,,2,77,21.85,cold,heuristic_bootstrap,102
frustrated,0.9512248039245605,1.0,2,10000000.0,2,72,51.99,warm,heuristic_bootstrap,14
frustrated,0.9563282132148743,1.0,1,5000000.0,2,95,51.43,warm,heuristic_bootstrap,454
frustrated,0.9358614087104797,1.0,1,6500000.0,2,71,50.19,warm,heuristic_bootstrap,329
enthusiastic,0.9577103853225708,0.75,1,,2,77,55.23,warm,heuristic_bootstrap,570
enthusiastic,0.9630116820335388,0.75,3,,2,72,58.99,warm,heuristic_bootstrap,311
hesitant,0.9383461475372314,0.75,2,,2,77,40.47,warm,heuristic_bootstrap,281
hesitant,0.9379047751426697,0.75,2,,2,63,39.53,cold,heuristic_bootstrap,595
frustrated,0.9534755349159241,1.0,1,3000000.0,2,65,49.48,warm,heuristic_bootstrap,9
frustrated,0.9546806812286377,0.75,2,,2,64,22.89,cold,heuristic_bootstrap,205
hesitant,0.9457811713218689,0.75,2,,2,62,39.47,cold,heuristic_bootstrap,75
frustrated,0.9534644484519958,0.75,2,,2,65,22.98,cold,heuristic_bootstrap,497
enthusiastic,0.963266134262085,1.0,2,3000000.0,2,84,86.29,hot,heuristic_bootstrap,574
hesitant,0.9417267441749573,0.75,1,,2,75,38.33,cold,heuristic_bootstrap,505
enthusiastic,0.9529567956924438,1.0,1,6500000.0,2,67,82.98,hot,heuristic_bootstrap,159
frustrated,0.9525803327560425,0.75,1,,2,76,21.73,cold,heuristic_bootstrap,11
enthusiastic,0.9542152285575867,0.75,1,,2,66,54.43,warm,heuristic_bootstrap,70
hesitant,0.941087543964386,0.75,1,,2,70,38.0,cold,heuristic_bootstrap,208
frustrated,0.9350042939186096,1.0,2,6500000.0,2,90,53.47,warm,heuristic_bootstrap,43
hesitant,0.9441995620727539,1.0,2,10000000.0,2,79,69.1,warm,heuristic_bootstrap,387
enthusiastic,0.963014543056488,0.75,1,,2,67,54.65,warm,heuristic_bootstrap,87
enthusiastic,0.9625676870346069,1.0,3,4500000.0,2,90,88.68,hot,heuristic_bootstrap,587
hesitant,0.9399726390838623,0.75,3,,2,69,41.93,warm,heuristic_bootstrap,459
enthusiastic,0.9620271921157837,0.75,3,,2,77,59.3,warm,heuristic_bootstrap,354
frustrated,0.9515742063522339,0.75,3,,2,62,24.81,cold,heuristic_bootstrap,674
hesitant,0.9450278878211975,1.0,1,4500000.0,2,87,67.63,warm,heuristic_bootstrap,508
enthusiastic,0.9632146954536438,1.0,3,10000000.0,2,86,88.42,hot,heuristic_bootstrap,427
frustrated,0.9337173104286194,0.75,3,,2,64,25.26,cold,heuristic_bootstrap,133
hesitant,0.9435583353042603,0.75,2,,2,58,39.2,cold,heuristic_bootstrap,491
frustrated,0.9533455967903137,1.0,1,8000000.0,2,95,51.48,warm,heuristic_bootstrap,367
frustrated,0.9529365301132202,1.0,2,5000000.0,2,93,53.36,warm,heuristic_bootstrap,267
frustrated,0.950128436088562,0.75,2,,2,72,23.51,cold,heuristic_bootstrap,119
hesitant,0.945698618888855,0.75,2,,2,75,40.33,warm,heuristic_bootstrap,34
enthusiastic,0.9550774097442627,0.75,2,,2,54,55.65,warm,heuristic_bootstrap,317
enthusiastic,0.9614375233650208,0.75,1,,2,67,54.63,warm,heuristic_bootstrap,582
frustrated,0.9566090703010559,1.0,3,8000000.0,2,88,54.96,warm,heuristic_bootstrap,635
hesitant,0.9359748363494873,0.75,3,,2,69,41.93,warm,heuristic_bootstrap,415
enthusiastic,0.9629690051078796,1.0,2,8000000.0,2,74,85.62,hot,heuristic_bootstrap,420
frustrated,0.9545027017593384,0.75,2,,2,70,23.3,cold,heuristic_bootstrap,537
frustrated,0.9539884924888611,1.0,3,4500000.0,2,84,54.74,warm,heuristic_bootstrap,476
enthusiastic,0.9570801258087158,0.75,2,,2,68,56.62,warm,heuristic_bootstrap,65
enthusiastic,0.9534026980400085,0.75,1,,2,66,54.42,warm,heuristic_bootstrap,93
enthusiastic,0.9583603739738464,0.75,3,,2,58,57.97,warm,heuristic_bootstrap,79
enthusiastic,0.9626992344856262,1.0,1,8000000.0,2,72,83.48,hot,heuristic_bootstrap,269
enthusiastic,0.9585326313972473,0.75,2,,2,54,55.71,warm,heuristic_bootstrap,97
frustrated,0.9356493353843689,0.75,1,,2,65,21.29,cold,heuristic_bootstrap,41
frustrated,0.9370771646499634,1.0,3,6500000.0,2,90,55.43,warm,heuristic_bootstrap,191
hesitant,0.9442219734191895,0.75,2,,2,72,40.13,warm,heuristic_bootstrap,366
frustrated,0.95421302318573,1.0,2,8000000.0,2,93,53.33,warm,heuristic_bootstrap,521
enthusiastic,0.9635846018791199,0.75,2,,2,69,56.8,warm,heuristic_bootstrap,151
frustrated,0.9404902458190918,0.75,2,,2,68,23.41,cold,heuristic_bootstrap,194
hesitant,0.9363855123519897,0.75,2,,2,64,39.6,cold,heuristic_bootstrap,342
enthusiastic,0.9616886377334595,0.75,1,,2,76,55.23,warm,heuristic_bootstrap,199
frustrated,0.9319360256195068,1.0,1,5000000.0,2,88,51.39,warm,heuristic_bootstrap,59
hesitant,0.9371019005775452,0.75,1,,2,66,37.73,cold,heuristic_bootstrap,16
hesitant,0.9461830258369446,0.75,2,,2,74,40.27,warm,heuristic_bootstrap,473
hesitant,0.9416679739952087,0.75,1,,2,74,38.27,cold,heuristic_bootstrap,572
frustrated,0.9514806270599365,0.75,2,,2,63,22.88,cold,heuristic_bootstrap,193
hesitant,0.9462593197822571,0.75,1,,2,72,38.13,cold,heuristic_bootstrap,543
enthusiastic,0.9617103338241577,1.0,1,5000000.0,2,74,83.6,hot,heuristic_bootstrap,144
enthusiastic,0.9528289437294006,0.75,1,,2,62,54.14,warm,heuristic_bootstrap,327
hesitant,0.946608304977417,0.75,1,,2,61,37.4,cold,heuristic_bootstrap,640
hesitant,0.9251328706741333,0.75,1,,2,68,37.87,cold,heuristic_bootstrap,397
frustrated,0.9510561227798462,1.0,1,5000000.0,2,92,51.32,warm,heuristic_bootstrap,365
hesitant,0.9415679574012756,0.75,1,,2,72,38.13,cold,heuristic_bootstrap,210
enthusiastic,0.9627012610435486,1.0,3,6500000.0,2,73,87.55,hot,heuristic_bootstrap,309
hesitant,0.9383150935173035,1.0,3,4500000.0,2,70,70.5,hot,heuristic_bootstrap,57
frustrated,0.9350736141204834,0.75,1,,2,64,21.24,cold,heuristic_bootstrap,558
hesitant,0.9446671009063721,1.0,2,8000000.0,2,91,69.9,warm,heuristic_bootstrap,695
hesitant,0.9469581842422485,0.75,1,,2,72,38.13,cold,heuristic_bootstrap,308
frustrated,0.9370472431182861,0.75,2,,2,69,23.54,cold,heuristic_bootstrap,322
hesitant,0.9419724941253662,1.0,1,8000000.0,2,70,66.5,warm,heuristic_bootstrap,213
hesitant,0.9501705169677734,1.0,1,4500000.0,2,74,66.77,warm,heuristic_bootstrap,242
hesitant,0.9464672207832336,0.75,1,,2,69,37.93,cold,heuristic_bootstrap,381
enthusiastic,0.9567388892173767,0.75,3,,2,62,58.21,warm,heuristic_bootstrap,673
hesitant,0.947128176689148,1.0,1,12000000.0,2,70,66.5,warm,heuristic_bootstrap,316
hesitant,0.9335694909095764,1.0,3,4500000.0,2,75,70.83,hot,heuristic_bootstrap,107
frustrated,0.9546589255332947,0.75,1,,2,65,20.96,cold,heuristic_bootstrap,257
enthusiastic,0.95870441198349,0.75,3,,2,55,57.78,warm,heuristic_bootstrap,294
frustrated,0.9354287385940552,0.75,3,,2,69,25.56,cold,heuristic_bootstrap,163
hesitant,0.9477235078811646,1.0,3,6500000.0,2,71,70.57,hot,heuristic_bootstrap,63
frustrated,0.948695957660675,1.0,1,8000000.0,2,84,50.83,warm,heuristic_bootstrap,214
frustrated,0.9521531462669373,1.0,3,3000000.0,2,84,54.77,warm,heuristic_bootstrap,255
enthusiastic,0.9625290036201477,0.75,1,,2,60,54.18,warm,heuristic_bootstrap,350
hesitant,0.9366151094436646,0.75,2,,2,59,39.27,cold,heuristic_bootstrap,685
hesitant,0.9426140189170837,0.75,3,,2,57,41.13,warm,heuristic_bootstrap,298
hesitant,0.943134069442749,0.75,1,,2,79,38.6,cold,heuristic_bootstrap,555
enthusiastic,0.9618807435035706,0.75,3,,2,72,58.97,warm,heuristic_bootstrap,561
hesitant,0.9407657980918884,0.75,3,,2,61,41.4,warm,heuristic_bootstrap,24
frustrated,0.9559627175331116,0.75,2,,2,74,23.54,cold,heuristic_bootstrap,437
hesitant,0.9397335648536682,0.75,3,,2,66,41.73,warm,heuristic_bootstrap,535
frustrated,0.9477946162223816,0.75,1,,2,60,20.75,cold,heuristic_bootstrap,514
frustrated,0.953034520149231,0.75,1,,2,63,20.86,cold,heuristic_bootstrap,398
enthusiastic,0.9620552659034729,0.75,1,,2,75,55.17,warm,heuristic_bootstrap,44
frustrated,0.9331912398338318,1.0,2,12000000.0,2,72,52.3,warm,heuristic_bootstrap,495
enthusiastic,0.9631655812263489,0.75,2,,2,72,56.99,warm,heuristic_bootstrap,220
frustrated,0.9302135109901428,1.0,2,5000000.0,2,66,51.95,warm,heuristic_bootstrap,326
enthusiastic,0.9625175595283508,0.75,1,,2,83,55.71,warm,heuristic_bootstrap,265
enthusiastic,0.96273273229599,1.0,2,3000000.0,2,74,85.61,hot,heuristic_bootstrap,262
frustrated,0.9309406876564026,1.0,2,10000000.0,2,82,53.01,warm,heuristic_bootstrap,120
enthusiastic,0.9633336067199707,0.75,3,,2,62,58.33,warm,heuristic_bootstrap,304
frustrated,0.9355592727661133,0.75,2,,2,60,22.96,cold,heuristic_bootstrap,545
hesitant,0.9451741576194763,0.75,2,,2,74,40.27,warm,heuristic_bootstrap,232
frustrated,0.9373566508293152,1.0,3,3000000.0,2,84,55.03,warm,heuristic_bootstrap,425
hesitant,0.9400690197944641,1.0,2,5000000.0,2,63,68.03,warm,heuristic_bootstrap,330
enthusiastic,0.9634944796562195,0.75,2,,2,72,56.99,warm,heuristic_bootstrap,626
hesitant,0.9434854984283447,1.0,2,5000000.0,2,70,68.5,warm,heuristic_bootstrap,363
frustrated,0.9284197092056274,1.0,1,12000000.0,2,91,51.65,warm,heuristic_bootstrap,562
enthusiastic,0.9626219272613525,0.75,1,,2,74,55.11,warm,heuristic_bootstrap,141
enthusiastic,0.9622647166252136,1.0,1,12000000.0,2,74,83.61,hot,heuristic_bootstrap,192
frustrated,0.9395424723625183,0.75,2,,2,61,22.96,cold,heuristic_bootstrap,78
hesitant,0.9425505995750427,1.0,1,8000000.0,2,89,67.77,warm,heuristic_bootstrap,340
enthusiastic,0.9625261425971985,0.75,2,,2,87,57.98,warm,heuristic_bootstrap,287
hesitant,0.937874972820282,0.75,3,,2,63,41.53,warm,heuristic_bootstrap,700
enthusiastic,0.9594224095344543,0.75,3,,2,64,58.39,warm,heuristic_bootstrap,263
frustrated,0.9324487447738647,0.75,3,,2,57,24.82,cold,heuristic_bootstrap,466
hesitant,0.9334120750427246,1.0,1,10000000.0,2,69,66.43,warm,heuristic_bootstrap,188
hesitant,0.9371660351753235,1.0,1,8000000.0,2,88,67.7,warm,heuristic_bootstrap,382
enthusiastic,0.9587634801864624,0.75,3,,2,59,58.05,warm,heuristic_bootstrap,597
frustrated,0.9510177373886108,0.75,3,,2,69,25.29,cold,heuristic_bootstrap,612
hesitant,0.9410924315452576,0.75,3,,2,69,41.93,warm,heuristic_bootstrap,321
hesitant,0.9435190558433533,0.75,3,,2,67,41.8,warm,heuristic_bootstrap,291
frustrated,0.9478397965431213,0.75,3,,2,61,24.81,cold,heuristic_bootstrap,361
frustrated,0.9445967078208923,0.75,2,,2,58,22.67,cold,heuristic_bootstrap,636
frustrated,0.9525330662727356,1.0,1,12000000.0,2,70,49.83,warm,heuristic_bootstrap,569
enthusiastic,0.9626580476760864,0.75,2,,2,75,57.18,warm,heuristic_bootstrap,405
hesitant,0.9391692280769348,0.75,2,,2,54,38.93,cold,heuristic_bootstrap,432
enthusiastic,0.9625342488288879,0.75,3,,2,68,58.71,warm,heuristic_bootstrap,404
hesitant,0.9473963379859924,0.75,3,,2,75,42.33,warm,heuristic_bootstrap,130
hesitant,0.9391797780990601,1.0,2,5000000.0,2,71,68.57,warm,heuristic_bootstrap,493
frustrated,0.9547083377838135,1.0,2,4500000.0,2,72,51.93,warm,heuristic_bootstrap,676
enthusiastic,0.9620290994644165,0.75,1,,2,71,54.9,warm,heuristic_bootstrap,403
hesitant,0.9470492601394653,0.75,1,,2,85,39.0,cold,heuristic_bootstrap,507
enthusiastic,0.9621239900588989,0.75,3,,2,72,58.97,warm,heuristic_bootstrap,223
enthusiastic,0.9635666608810425,1.0,1,4500000.0,2,86,84.43,hot,heuristic_bootstrap,678
hesitant,0.9394374489784241,0.75,3,,2,67,41.8,warm,heuristic_bootstrap,238
enthusiastic,0.9587399959564209,0.75,3,,2,59,58.04,warm,heuristic_bootstrap,477
enthusiastic,0.9629336595535278,0.75,2,,2,67,56.65,warm,heuristic_bootstrap,248
hesitant,0.939770519733429,0.75,2,,2,69,39.93,cold,heuristic_bootstrap,111
hesitant,0.9457889795303345,0.75,2,,2,69,39.93,cold,heuristic_bootstrap,456
frustrated,0.9337742924690247,0.75,1,,2,62,21.13,cold,heuristic_bootstrap,445
frustrated,0.9492548704147339,0.75,1,,2,69,21.32,cold,heuristic_bootstrap,172
hesitant,0.9353151917457581,1.0,1,3000000.0,2,68,66.37,warm,heuristic_bootstrap,189
hesitant,0.9335500597953796,1.0,1,10000000.0,2,91,67.9,warm,heuristic_bootstrap,494
frustrated,0.9398446679115295,0.75,1,,2,69,21.49,cold,heuristic_bootstrap,185
frustrated,0.952398419380188,0.75,1,,2,62,20.8,cold,heuristic_bootstrap,658
frustrated,0.9547123908996582,1.0,3,8000000.0,2,65,53.46,warm,heuristic_bootstrap,637
enthusiastic,0.9558551907539368,1.0,1,6500000.0,2,62,82.69,hot,heuristic_bootstrap,384
enthusiastic,0.9563663601875305,0.75,3,,2,62,58.2,warm,heuristic_bootstrap,369
hesitant,0.944132387638092,1.0,1,3000000.0,2,79,67.1,warm,heuristic_bootstrap,682
hesitant,0.9445468187332153,1.0,3,5000000.0,2,91,71.9,hot,heuristic_bootstrap,606
hesitant,0.9473016262054443,0.75,2,,2,73,40.2,warm,heuristic_bootstrap,295
enthusiastic,0.9575249552726746,1.0,1,8000000.0,2,62,82.72,hot,heuristic_bootstrap,573
hesitant,0.9351425170898438,0.75,2,,2,63,39.53,cold,heuristic_bootstrap,352
frustrated,0.9502660036087036,0.75,3,,2,59,24.64,cold,heuristic_bootstrap,485
enthusiastic,0.9542982578277588,0.75,1,,2,64,54.3,warm,heuristic_bootstrap,148
enthusiastic,0.9628047943115234,0.75,1,,2,66,54.58,warm,heuristic_bootstrap,462
frustrated,0.9367016553878784,0.75,3,,2,67,25.41,cold,heuristic_bootstrap,519
hesitant,0.938389778137207,0.75,3,,2,64,41.6,warm,heuristic_bootstrap,489
hesitant,0.9438052177429199,1.0,3,8000000.0,2,76,70.9,hot,heuristic_bootstrap,156
frustrated,0.9376171231269836,0.75,1,,2,70,21.59,cold,heuristic_bootstrap,303
frustrated,0.9356293678283691,0.75,3,,2,71,25.69,cold,heuristic_bootstrap,525
hesitant,0.945167601108551,0.75,2,,2,73,40.2,warm,heuristic_bootstrap,202
frustrated,0.938320517539978,0.75,1,,2,65,21.25,cold,heuristic_bootstrap,286
enthusiastic,0.9583636522293091,0.75,1,,2,62,54.24,warm,heuristic_bootstrap,89
hesitant,0.9380570650100708,1.0,3,8000000.0,2,88,71.7,hot,heuristic_bootstrap,408
hesitant,0.9338760375976562,0.75,1,,2,57,37.13,cold,heuristic_bootstrap,153
enthusiastic,0.9622076153755188,0.75,2,,2,74,57.11,warm,heuristic_bootstrap,475
frustrated,0.9501298666000366,0.75,2,,2,82,24.17,cold,heuristic_bootstrap,10
hesitant,0.9401842951774597,1.0,1,5000000.0,2,76,66.9,warm,heuristic_bootstrap,620
enthusiastic,0.9623609781265259,0.75,2,,2,77,57.31,warm,heuristic_bootstrap,149
enthusiastic,0.9629741311073303,0.75,2,,2,66,56.59,warm,heuristic_bootstrap,46
hesitant,0.9403432011604309,1.0,3,3000000.0,2,67,70.3,hot,heuristic_bootstrap,557
frustrated,0.9360202550888062,0.75,2,,2,66,23.35,cold,heuristic_bootstrap,483
frustrated,0.9524304270744324,0.75,1,,2,69,21.27,cold,heuristic_bootstrap,393
enthusiastic,0.9626928567886353,0.75,2,,2,76,57.25,warm,heuristic_bootstrap,440
enthusiastic,0.9576407074928284,0.75,2,,2,60,56.09,warm,heuristic_bootstrap,551
frustrated,0.9524441361427307,1.0,3,6500000.0,2,100,55.83,warm,heuristic_bootstrap,138
enthusiastic,0.9623121619224548,0.75,1,,2,71,54.91,warm,heuristic_bootstrap,216
hesitant,0.939320981502533,0.75,1,,2,62,37.47,cold,heuristic_bootstrap,467
frustrated,0.9529305100440979,0.75,3,,2,70,25.32,cold,heuristic_bootstrap,252
frustrated,0.9340049028396606,1.0,2,12000000.0,2,95,53.82,warm,heuristic_bootstrap,131
hesitant,0.9468043446540833,0.75,2,,2,76,40.4,warm,heuristic_bootstrap,165
enthusiastic,0.9598151445388794,1.0,2,12000000.0,2,83,86.16,hot,heuristic_bootstrap,691
frustrated,0.9393821954727173,0.75,1,,2,66,21.29,cold,heuristic_bootstrap,412
enthusiastic,0.9540429711341858,0.75,3,,2,60,58.03,warm,heuristic_bootstrap,198
frustrated,0.9344224333763123,0.75,3,,2,63,25.18,cold,heuristic_bootstrap,18
enthusiastic,0.9576865434646606,0.75,1,,2,59,54.03,warm,heuristic_bootstrap,222
enthusiastic,0.9628773927688599,0.75,1,,2,78,55.38,warm,heuristic_bootstrap,458
hesitant,0.9372392296791077,1.0,2,3000000.0,2,67,68.3,warm,heuristic_bootstrap,428
enthusiastic,0.9624804258346558,1.0,3,6500000.0,2,73,87.54,hot,heuristic_bootstrap,392
hesitant,0.9475786685943604,1.0,1,4500000.0,2,70,66.5,warm,heuristic_bootstrap,484
frustrated,0.9395797252655029,0.75,1,,2,71,21.62,cold,heuristic_bootstrap,169
hesitant,0.9452857971191406,0.75,3,,2,65,41.67,warm,heuristic_bootstrap,671
frustrated,0.9373447299003601,0.75,1,,2,62,21.06,cold,heuristic_bootstrap,546
frustrated,0.9555354118347168,0.75,1,,2,66,21.01,cold,heuristic_bootstrap,117
enthusiastic,0.9581680297851562,1.0,2,5000000.0,2,62,84.73,hot,heuristic_bootstrap,554
hesitant,0.9370650053024292,0.75,1,,2,67,37.8,cold,heuristic_bootstrap,180
enthusiastic,0.9623315930366516,0.75,3,,2,73,59.04,warm,heuristic_bootstrap,517
frustrated,0.9366651177406311,1.0,1,12000000.0,2,68,49.98,warm,heuristic_bootstrap,103
frustrated,0.9515404105186462,0.75,1,,2,63,20.88,cold,heuristic_bootstrap,114
enthusiastic,0.9638747572898865,0.75,1,,2,73,55.07,warm,heuristic_bootstrap,241
frustrated,0.935039758682251,1.0,3,8000000.0,2,91,55.54,warm,heuristic_bootstrap,623
enthusiastic,0.9627530574798584,1.0,3,10000000.0,2,68,87.21,hot,heuristic_bootstrap,196
hesitant,0.9454630017280579,0.75,3,,2,73,42.2,warm,heuristic_bootstrap,510
frustrated,0.9538232088088989,1.0,1,3000000.0,2,71,49.87,warm,heuristic_bootstrap,638
enthusiastic,0.9639689326286316,0.75,1,,2,67,54.67,warm,heuristic_bootstrap,137
frustrated,0.937048077583313,0.75,1,,2,70,21.6,cold,heuristic_bootstrap,649
frustrated,0.9527607560157776,0.75,3,,2,66,25.06,cold,heuristic_bootstrap,496
enthusiastic,0.9620359539985657,0.75,2,,2,74,57.1,warm,heuristic_bootstrap,307
frustrated,0.9563944935798645,0.75,2,,2,74,23.53,cold,heuristic_bootstrap,92
enthusiastic,0.963927149772644,1.0,1,4500000.0,2,87,84.5,hot,heuristic_bootstrap,13
hesitant,0.9321874976158142,0.75,3,,2,61,41.4,warm,heuristic_bootstrap,212
hesitant,0.9410772323608398,0.75,1,,2,69,37.93,cold,heuristic_bootstrap,91
enthusiastic,0.9588487148284912,1.0,1,8000000.0,2,83,84.15,hot,heuristic_bootstrap,84
enthusiastic,0.9639947414398193,1.0,1,4500000.0,2,96,85.1,hot,heuristic_bootstrap,436
enthusiastic,0.9625169038772583,0.75,2,,2,71,56.91,warm,heuristic_bootstrap,611
hesitant,0.9370280504226685,0.75,3,,2,60,41.33,warm,heuristic_bootstrap,531
frustrated,0.9348211288452148,1.0,3,6500000.0,2,88,55.34,warm,heuristic_bootstrap,481
hesitant,0.9359134435653687,0.75,3,,2,65,41.67,warm,heuristic_bootstrap,53
enthusiastic,0.9624740481376648,1.0,1,3000000.0,2,73,83.54,hot,heuristic_bootstrap,453
hesitant,0.9440097808837891,0.75,2,,2,72,40.13,warm,heuristic_bootstrap,528
hesitant,0.9413082599639893,0.75,3,,2,65,41.67,warm,heuristic_bootstrap,184
enthusiastic,0.9625021815299988,0.75,1,,2,85,55.84,warm,heuristic_bootstrap,378
frustrated,0.9483190178871155,0.75,2,,2,61,22.8,cold,heuristic_bootstrap,187
frustrated,0.951042115688324,0.75,1,,2,70,21.36,cold,heuristic_bootstrap,158
hesitant,0.9421977400779724,0.75,3,,2,56,41.07,warm,heuristic_bootstrap,683
frustrated,0.955096423625946,1.0,1,5000000.0,2,94,51.39,warm,heuristic_bootstrap,556
enthusiastic,0.9615898728370667,0.75,1,,2,67,54.63,warm,heuristic_bootstrap,482
frustrated,0.9522707462310791,0.75,2,,2,70,23.34,cold,heuristic_bootstrap,76
hesitant,0.9474445581436157,0.75,1,,2,68,37.87,cold,heuristic_bootstrap,302
enthusiastic,0.9631576538085938,0.75,2,,2,74,57.12,warm,heuristic_bootstrap,341
hesitant,0.942016065120697,0.75,1,,2,75,38.33,cold,heuristic_bootstrap,19
frustrated,0.9363604784011841,0.75,1,,2,65,21.28,cold,heuristic_bootstrap,280
hesitant,0.9247170686721802,0.75,2,,2,61,39.4,cold,heuristic_bootstrap,77
hesitant,0.9493581056594849,1.0,2,6500000.0,2,94,70.1,hot,heuristic_bootstrap,451
frustrated,0.9351165294647217,1.0,3,6500000.0,2,70,54.14,warm,heuristic_bootstrap,614
enthusiastic,0.954856812953949,0.75,2,,2,56,55.78,warm,heuristic_bootstrap,615
enthusiastic,0.9624330401420593,0.75,2,,2,70,56.84,warm,heuristic_bootstrap,288
hesitant,0.945862889289856,0.75,1,,2,68,37.87,cold,heuristic_bootstrap,219
enthusiastic,0.9630477428436279,0.75,1,,2,68,54.72,warm,heuristic_bootstrap,283
frustrated,0.9388819336891174,0.75,1,,2,67,21.37,cold,heuristic_bootstrap,450
enthusiastic,0.9585808515548706,0.75,2,,2,53,55.64,warm,heuristic_bootstrap,83
hesitant,0.9462113380432129,1.0,1,6500000.0,2,85,67.5,warm,heuristic_bootstrap,135
hesitant,0.9462895393371582,0.75,2,,2,71,40.07,warm,heuristic_bootstrap,67
hesitant,0.9416505098342896,0.75,1,,2,70,38.0,cold,heuristic_bootstrap,171
enthusiastic,0.9619240760803223,0.75,2,,2,70,56.83,warm,heuristic_bootstrap,426
frustrated,0.955134928226471,0.75,1,,2,68,21.15,cold,heuristic_bootstrap,23
frustrated,0.9328773021697998,0.75,1,,2,63,21.21,cold,heuristic_bootstrap,589
frustrated,0.9561318159103394,0.75,3,,2,79,25.87,cold,heuristic_bootstrap,419
frustrated,0.9538938999176025,0.75,1,,2,68,21.17,cold,heuristic_bootstrap,447
hesitant,0.9426288604736328,0.75,2,,2,66,39.73,cold,heuristic_bootstrap,27
hesitant,0.9299778938293457,0.75,3,,2,63,41.53,warm,heuristic_bootstrap,536
hesitant,0.9412468075752258,1.0,2,4500000.0,2,87,69.63,warm,heuristic_bootstrap,622
hesitant,0.9333169460296631,1.0,2,8000000.0,2,63,68.03,warm,heuristic_bootstrap,259
hesitant,0.9423049688339233,0.75,1,,2,64,37.6,cold,heuristic_bootstrap,328
frustrated,0.9396303296089172,0.75,1,,2,64,21.16,cold,heuristic_bootstrap,413
frustrated,0.937286913394928,0.75,3,,2,70,25.6,cold,heuristic_bootstrap,625
enthusiastic,0.9561605453491211,0.75,2,,2,57,55.87,warm,heuristic_bootstrap,108
hesitant,0.9374682307243347,0.75,1,,2,67,37.8,cold,heuristic_bootstrap,310
hesitant,0.9455793499946594,0.75,2,,2,69,39.93,cold,heuristic_bootstrap,145
enthusiastic,0.9607541561126709,0.75,1,,2,67,54.61,warm,heuristic_bootstrap,140
enthusiastic,0.9631080031394958,1.0,2,12000000.0,2,75,85.69,hot,heuristic_bootstrap,610
frustrated,0.9349690675735474,0.75,2,,2,67,23.44,cold,heuristic_bootstrap,549
hesitant,0.946484386920929,0.75,2,,2,75,40.33,warm,heuristic_bootstrap,55
frustrated,0.9327427744865417,0.75,3,,2,59,24.94,cold,heuristic_bootstrap,576
hesitant,0.9496238827705383,1.0,1,4500000.0,2,92,67.97,warm,heuristic_bootstrap,438
hesitant,0.9431586861610413,0.75,1,,2,70,38.0,cold,heuristic_bootstrap,69
frustrated,0.9492051601409912,0.75,2,,2,59,22.66,cold,heuristic_bootstrap,54
frustrated,0.9480986595153809,1.0,1,12000000.0,2,94,51.51,warm,heuristic_bootstrap,359
hesitant,0.9411095380783081,0.75,3,,2,54,40.93,warm,heuristic_bootstrap,284
hesitant,0.9379249811172485,0.75,2,,2,61,39.4,cold,heuristic_bootstrap,355
frustrated,0.9462032914161682,0.75,1,,2,63,20.97,cold,heuristic_bootstrap,656
enthusiastic,0.9580956101417542,0.75,3,,2,64,58.37,warm,heuristic_bootstrap,314
hesitant,0.9405235052108765,0.75,2,,2,60,39.33,cold,heuristic_bootstrap,155
enthusiastic,0.9598335027694702,1.0,2,4500000.0,2,81,86.03,hot,heuristic_bootstrap,279
enthusiastic,0.960780680179596,0.75,2,,2,67,56.61,warm,heuristic_bootstrap,590
hesitant,0.9439653158187866,0.75,1,,2,73,38.2,cold,heuristic_bootstrap,394
enthusiastic,0.9596968293190002,0.75,3,,2,69,58.73,warm,heuristic_bootstrap,146
enthusiastic,0.9587841629981995,0.75,2,,2,55,55.78,warm,heuristic_bootstrap,190
frustrated,0.9558554887771606,0.75,2,,2,68,23.14,cold,heuristic_bootstrap,126
frustrated,0.9536522030830383,0.75,2,,2,65,22.98,cold,heuristic_bootstrap,657
hesitant,0.9367949366569519,0.75,3,,2,64,41.6,warm,heuristic_bootstrap,179
hesitant,0.9443883895874023,0.75,1,,2,60,37.33,cold,heuristic_bootstrap,362
frustrated,0.9343141913414001,0.75,3,,2,78,26.18,cold,heuristic_bootstrap,629
frustrated,0.9552114605903625,1.0,3,10000000.0,2,64,53.38,warm,heuristic_bootstrap,260
frustrated,0.9502503871917725,1.0,2,4500000.0,2,77,52.34,warm,heuristic_bootstrap,431
hesitant,0.9409831762313843,1.0,3,10000000.0,2,86,71.57,hot,heuristic_bootstrap,276
frustrated,0.9524893760681152,0.75,2,,2,75,23.66,cold,heuristic_bootstrap,356
enthusiastic,0.9610260725021362,0.75,2,,2,69,56.75,warm,heuristic_bootstrap,52
enthusiastic,0.9619531035423279,0.75,2,,2,73,57.03,warm,heuristic_bootstrap,289
enthusiastic,0.9594550728797913,1.0,2,8000000.0,2,84,86.22,hot,heuristic_bootstrap,319
hesitant,0.9423279166221619,0.75,3,,2,66,41.73,warm,heuristic_bootstrap,358
frustrated,0.933479368686676,0.75,2,,2,72,23.8,cold,heuristic_bootstrap,5
enthusiastic,0.9634227752685547,0.75,3,,2,73,59.06,warm,heuristic_bootstrap,38
frustrated,0.9523329734802246,1.0,2,8000000.0,2,64,51.43,warm,heuristic_bootstrap,370
enthusiastic,0.961925745010376,0.75,3,,2,72,58.97,warm,heuristic_bootstrap,603
frustrated,0.9347996711730957,0.75,3,,2,69,25.57,cold,heuristic_bootstrap,154
hesitant,0.9429119825363159,1.0,2,6500000.0,2,76,68.9,warm,heuristic_bootstrap,472
hesitant,0.9391781687736511,0.75,1,,2,69,37.93,cold,heuristic_bootstrap,344
hesitant,0.9382181167602539,1.0,3,6500000.0,2,64,70.1,hot,heuristic_bootstrap,538
enthusiastic,0.9625945091247559,1.0,1,6500000.0,2,73,83.55,hot,heuristic_bootstrap,203
frustrated,0.9354825615882874,1.0,2,5000000.0,2,66,51.86,warm,heuristic_bootstrap,424
enthusiastic,0.961525022983551,0.75,2,,2,71,56.89,warm,heuristic_bootstrap,123
frustrated,0.9532740116119385,0.75,2,,2,62,22.78,cold,heuristic_bootstrap,401
frustrated,0.9346770644187927,1.0,2,3000000.0,2,78,52.68,warm,heuristic_bootstrap,502
frustrated,0.9515208601951599,0.75,1,,2,63,20.88,cold,heuristic_bootstrap,663
hesitant,0.9485357999801636,0.75,2,,2,71,40.07,warm,heuristic_bootstrap,134
hesitant,0.948095440864563,0.75,3,,2,71,42.07,warm,heuristic_bootstrap,565
hesitant,0.9475395083427429,0.75,1,,2,63,37.53,cold,heuristic_bootstrap,268
enthusiastic,0.9627195000648499,0.75,3,,2,76,59.25,warm,heuristic_bootstrap,290
hesitant,0.9325981140136719,0.75,2,,2,64,39.6,cold,heuristic_bootstrap,299
enthusiastic,0.9618321061134338,0.75,2,,2,73,57.03,warm,heuristic_bootstrap,337
frustrated,0.9551228284835815,1.0,3,6500000.0,2,72,53.92,warm,heuristic_bootstrap,628
frustrated,0.9499092698097229,0.75,2,,2,66,23.11,cold,heuristic_bootstrap,578
hesitant,0.9380204677581787,0.75,3,,2,78,42.53,warm,heuristic_bootstrap,318
hesitant,0.9403905272483826,0.75,2,,2,66,39.73,cold,heuristic_bootstrap,21
frustrated,0.9545446634292603,0.75,3,,2,63,24.83,cold,heuristic_bootstrap,651
enthusiastic,0.9621592164039612,0.75,1,,2,64,54.44,warm,heuristic_bootstrap,602
hesitant,0.9396165609359741,1.0,2,6500000.0,2,82,69.3,warm,heuristic_bootstrap,127
frustrated,0.9470697641372681,0.75,2,,2,63,22.96,cold,heuristic_bootstrap,292
hesitant,0.947597861289978,0.75,1,,2,67,37.8,cold,heuristic_bootstrap,62
enthusiastic,0.9621854424476624,1.0,1,12000000.0,2,79,83.94,hot,heuristic_bootstrap,469
hesitant,0.936305046081543,0.75,2,,2,64,39.6,cold,heuristic_bootstrap,121
frustrated,0.9513527154922485,0.75,1,,2,72,21.48,cold,heuristic_bootstrap,346
hesitant,0.945357620716095,0.75,1,,2,72,38.13,cold,heuristic_bootstrap,511
enthusiastic,0.962433397769928,1.0,1,6500000.0,2,73,83.54,hot,heuristic_bootstrap,305
enthusiastic,0.9618077278137207,0.75,3,,2,72,58.96,warm,heuristic_bootstrap,36
frustrated,0.934292733669281,1.0,3,6500000.0,2,99,56.08,warm,heuristic_bootstrap,686
enthusiastic,0.9532097578048706,0.75,1,,2,61,54.08,warm,heuristic_bootstrap,42
hesitant,0.942977786064148,0.75,1,,2,70,38.0,cold,heuristic_bootstrap,261
hesitant,0.9450780153274536,1.0,2,10000000.0,2,68,68.37,warm,heuristic_bootstrap,400
enthusiastic,0.9568442702293396,0.75,3,,2,61,58.14,warm,heuristic_bootstrap,540
hesitant,0.934416651725769,1.0,2,12000000.0,2,76,68.9,warm,heuristic_bootstrap,532
frustrated,0.9534326195716858,0.75,1,,2,57,20.45,cold,heuristic_bootstrap,596
frustrated,0.9484055042266846,0.75,1,,2,76,21.8,cold,heuristic_bootstrap,245
enthusiastic,0.9630467295646667,0.75,3,,2,64,58.45,warm,heuristic_bootstrap,300
frustrated,0.9501957297325134,1.0,2,4500000.0,2,69,51.8,warm,heuristic_bootstrap,444
frustrated,0.9263052940368652,1.0,3,10000000.0,2,93,55.82,warm,heuristic_bootstrap,407
hesitant,0.9343531727790833,0.75,2,,2,64,39.6,cold,heuristic_bootstrap,161
enthusiastic,0.9583496451377869,0.75,1,,2,60,54.1,warm,heuristic_bootstrap,526
hesitant,0.9474075436592102,0.75,2,,2,68,39.87,cold,heuristic_bootstrap,601
enthusiastic,0.9629786610603333,1.0,3,10000000.0,2,68,87.22,hot,heuristic_bootstrap,278
enthusiastic,0.9635066986083984,0.75,3,,2,68,58.73,warm,heuristic_bootstrap,377
hesitant,0.9400833249092102,0.75,1,,2,71,38.07,cold,heuristic_bootstrap,639
frustrated,0.9257285594940186,1.0,2,12000000.0,2,89,53.57,warm,heuristic_bootstrap,30
enthusiastic,0.9627372622489929,0.75,2,,2,66,56.58,warm,heuristic_bootstrap,112
hesitant,0.9435418844223022,0.75,2,,2,67,39.8,cold,heuristic_bootstrap,152
hesitant,0.9365639090538025,1.0,2,5000000.0,2,71,68.57,warm,heuristic_bootstrap,461
frustrated,0.939418375492096,0.75,3,,2,64,25.16,cold,heuristic_bootstrap,80
frustrated,0.9497517347335815,1.0,1,6500000.0,2,73,50.08,warm,heuristic_bootstrap,250
hesitant,0.9463320374488831,0.75,3,,2,70,42.0,warm,heuristic_bootstrap,659
enthusiastic,0.9631204009056091,0.75,2,,2,71,56.92,warm,heuristic_bootstrap,339
frustrated,0.9353459477424622,0.75,2,,2,65,23.3,cold,heuristic_bootstrap,646
hesitant,0.9444596171379089,0.75,3,,2,71,42.07,warm,heuristic_bootstrap,422
hesitant,0.9382214546203613,0.75,1,,2,65,37.67,cold,heuristic_bootstrap,375
hesitant,0.9385902285575867,0.75,2,,2,57,39.13,cold,heuristic_bootstrap,357
frustrated,0.955049455165863,0.75,2,,2,64,22.89,cold,heuristic_bootstrap,457
hesitant,0.9452580809593201,0.75,3,,2,69,41.93,warm,heuristic_bootstrap,600
enthusiastic,0.9633834958076477,1.0,1,5000000.0,2,95,85.03,hot,heuristic_bootstrap,233
hesitant,0.9309893846511841,0.75,3,,2,68,41.87,warm,heuristic_bootstrap,423
hesitant,0.9380947947502136,1.0,3,5000000.0,2,87,71.63,hot,heuristic_bootstrap,490
frustrated,0.9481882452964783,0.75,2,,2,63,22.94,cold,heuristic_bootstrap,136
frustrated,0.9317700266838074,1.0,3,10000000.0,2,65,53.86,warm,heuristic_bootstrap,200
enthusiastic,0.9583572149276733,1.0,3,6500000.0,2,62,86.74,hot,heuristic_bootstrap,2
enthusiastic,0.9618057608604431,0.75,1,,2,76,55.23,warm,heuristic_bootstrap,195
enthusiastic,0.9559545516967773,0.75,1,,2,62,54.2,warm,heuristic_bootstrap,85
hesitant,0.9448833465576172,1.0,1,5000000.0,2,82,67.3,warm,heuristic_bootstrap,687
enthusiastic,0.9582964777946472,0.75,2,,2,64,56.37,warm,heuristic_bootstrap,529
enthusiastic,0.9565659761428833,1.0,2,8000000.0,2,62,84.71,hot,heuristic_bootstrap,500
hesitant,0.9442306160926819,0.75,2,,2,77,40.47,warm,heuristic_bootstrap,541
enthusiastic,0.9633734226226807,1.0,3,6500000.0,2,68,87.23,hot,heuristic_bootstrap,548
enthusiastic,0.9628773927688599,0.75,2,,2,62,56.32,warm,heuristic_bootstrap,534
hesitant,0.946131706237793,0.75,2,,2,72,40.13,warm,heuristic_bootstrap,86
frustrated,0.9544790387153625,0.75,2,,2,86,24.36,cold,heuristic_bootstrap,504
enthusiastic,0.962584912776947,0.75,3,,2,67,58.65,warm,heuristic_bootstrap,435
enthusiastic,0.9628762602806091,0.75,2,,2,80,57.52,warm,heuristic_bootstrap,386
hesitant,0.9406585693359375,0.75,2,,2,66,39.73,cold,heuristic_bootstrap,48
enthusiastic,0.9624345898628235,1.0,1,6500000.0,2,85,84.34,hot,heuristic_bootstrap,515
enthusiastic,0.9629213809967041,0.75,2,,2,67,56.65,warm,heuristic_bootstrap,429
enthusiastic,0.9581181406974792,1.0,2,5000000.0,2,62,84.73,hot,heuristic_bootstrap,499
frustrated,0.9334434270858765,1.0,2,10000000.0,2,83,53.03,warm,heuristic_bootstrap,334
frustrated,0.9385229349136353,0.75,2,,2,70,23.58,cold,heuristic_bootstrap,698
frustrated,0.9490712285041809,0.75,2,,2,71,23.46,cold,heuristic_bootstrap,654
enthusiastic,0.9573323130607605,0.75,3,,2,62,58.22,warm,heuristic_bootstrap,697
enthusiastic,0.9585803747177124,1.0,2,5000000.0,2,89,86.54,hot,heuristic_bootstrap,593
hesitant,0.9299936890602112,0.75,1,,2,61,37.4,cold,heuristic_bootstrap,564
enthusiastic,0.9589632749557495,1.0,1,12000000.0,2,85,84.28,hot,heuristic_bootstrap,488
enthusiastic,0.9573978781700134,0.75,3,,2,53,57.62,warm,heuristic_bootstrap,227
hesitant,0.9369415044784546,0.75,1,,2,70,38.0,cold,heuristic_bootstrap,39
frustrated,0.9505885243415833,0.75,1,,2,70,21.36,cold,heuristic_bootstrap,448
hesitant,0.9391028881072998,0.75,2,,2,59,39.27,cold,heuristic_bootstrap,524
frustrated,0.953016996383667,0.75,1,,2,70,21.32,cold,heuristic_bootstrap,237
enthusiastic,0.9588775634765625,1.0,2,5000000.0,2,83,86.15,hot,heuristic_bootstrap,503
hesitant,0.9429706931114197,1.0,3,8000000.0,2,70,70.5,hot,heuristic_bootstrap,586
frustrated,0.9358677864074707,0.75,3,,2,69,25.56,cold,heuristic_bootstrap,577
enthusiastic,0.9632912278175354,1.0,3,8000000.0,2,81,88.09,hot,heuristic_bootstrap,642
hesitant,0.9322119355201721,1.0,2,4500000.0,2,86,69.57,warm,heuristic_bootstrap,230
frustrated,0.9354220032691956,0.75,3,,2,63,25.16,cold,heuristic_bootstrap,609
hesitant,0.9483113884925842,0.75,1,,2,67,37.8,cold,heuristic_bootstrap,486
hesitant,0.9421241879463196,1.0,2,8000000.0,2,63,68.03,warm,heuristic_bootstrap,99
enthusiastic,0.9630852937698364,1.0,2,5000000.0,2,68,85.22,hot,heuristic_bootstrap,652
enthusiastic,0.9572499394416809,1.0,2,3000000.0,2,66,84.99,hot,heuristic_bootstrap,56
enthusiastic,0.9627352952957153,1.0,1,5000000.0,2,69,83.28,hot,heuristic_bootstrap,442
hesitant,0.9425499439239502,0.75,1,,2,64,37.6,cold,heuristic_bootstrap,410
hesitant,0.9478857517242432,0.75,2,,2,65,39.67,cold,heuristic_bootstrap,174
enthusiastic,0.9626314043998718,0.75,2,,2,69,56.78,warm,heuristic_bootstrap,373
enthusiastic,0.9622118473052979,0.75,3,,2,72,58.97,warm,heuristic_bootstrap,207
frustrated,0.9509166479110718,0.75,1,,2,65,21.03,cold,heuristic_bootstrap,32
frustrated,0.9556209444999695,1.0,3,10000000.0,2,90,55.11,warm,heuristic_bootstrap,51
hesitant,0.9386412501335144,1.0,2,8000000.0,2,76,68.9,warm,heuristic_bootstrap,331
frustrated,0.9475533366203308,0.75,3,,2,56,24.48,cold,heuristic_bootstrap,335
enthusiastic,0.9622735381126404,0.75,2,,2,79,57.44,warm,heuristic_bootstrap,664
hesitant,0.9404017925262451,1.0,2,6500000.0,2,67,68.3,warm,heuristic_bootstrap,681
frustrated,0.9557738304138184,1.0,2,6500000.0,2,72,51.91,warm,heuristic_bootstrap,632
enthusiastic,0.9634703993797302,1.0,2,8000000.0,2,100,87.36,hot,heuristic_bootstrap,443
enthusiastic,0.9588661789894104,0.75,3,,2,62,58.25,warm,heuristic_bootstrap,240
frustrated,0.9518563151359558,0.75,3,,2,63,24.88,cold,heuristic_bootstrap,211
hesitant,0.9441137909889221,0.75,2,,2,71,40.07,warm,heuristic_bootstrap,530
enthusiastic,0.9624337553977966,0.75,3,,2,71,58.91,warm,heuristic_bootstrap,182
enthusiastic,0.9531592726707458,1.0,1,5000000.0,2,63,82.71,hot,heuristic_bootstrap,665
enthusiastic,0.9639195203781128,0.75,2,,2,61,56.27,warm,heuristic_bootstrap,338
hesitant,0.9397428631782532,0.75,1,,2,67,37.8,cold,heuristic_bootstrap,50
enthusiastic,0.9622178077697754,0.75,2,,2,79,57.44,warm,heuristic_bootstrap,585
frustrated,0.9508670568466187,0.75,1,,2,72,21.49,cold,heuristic_bootstrap,98
enthusiastic,0.9626902937889099,0.75,3,,2,73,59.05,warm,heuristic_bootstrap,209
enthusiastic,0.954533576965332,0.75,2,,2,62,56.17,warm,heuristic_bootstrap,414
frustrated,0.9364316463470459,0.75,3,,2,63,25.15,cold,heuristic_bootstrap,492
frustrated,0.9448248147964478,0.75,3,,2,63,25.0,cold,heuristic_bootstrap,402
hesitant,0.9438195824623108,0.75,3,,2,68,41.87,warm,heuristic_bootstrap,125
frustrated,0.936235249042511,0.75,3,,2,69,25.55,cold,heuristic_bootstrap,243
frustrated,0.9514807462692261,0.75,1,,2,72,21.48,cold,heuristic_bootstrap,296
hesitant,0.9305076003074646,0.75,2,,2,63,39.53,cold,heuristic_bootstrap,293
frustrated,0.9550203084945679,0.75,2,,2,69,23.22,cold,heuristic_bootstrap,452
hesitant,0.9442570805549622,0.75,1,,2,64,37.6,cold,heuristic_bootstrap,479
enthusiastic,0.9591724872589111,0.75,3,,2,60,58.12,warm,heuristic_bootstrap,591
hesitant,0.949353814125061,0.75,1,,2,78,38.53,cold,heuristic_bootstrap,608
frustrated,0.9377518892288208,0.75,1,,2,66,21.32,cold,heuristic_bootstrap,618
frustrated,0.9497038722038269,1.0,2,3000000.0,2,88,53.08,warm,heuristic_bootstrap,110
enthusiastic,0.9626127481460571,1.0,2,4500000.0,2,96,87.08,hot,heuristic_bootstrap,249
frustrated,0.9390000700950623,0.75,3,,2,64,25.17,cold,heuristic_bootstrap,343
enthusiastic,0.9631055593490601,0.75,1,,2,59,54.12,warm,heuristic_bootstrap,598
enthusiastic,0.9624751210212708,0.75,3,,2,66,58.58,warm,heuristic_bootstrap,122
frustrated,0.9529473781585693,1.0,2,12000000.0,2,74,52.09,warm,heuristic_bootstrap,264
enthusiastic,0.9633985757827759,1.0,1,10000000.0,2,86,84.43,hot,heuristic_bootstrap,37
enthusiastic,0.9582707285881042,0.75,1,,2,61,54.17,warm,heuristic_bootstrap,533
hesitant,0.9280332922935486,1.0,3,3000000.0,2,67,70.3,hot,heuristic_bootstrap,441
hesitant,0.943003237247467,0.75,2,,2,68,39.87,cold,heuristic_bootstrap,17
frustrated,0.934909462928772,0.75,3,,2,59,24.91,cold,heuristic_bootstrap,464
hesitant,0.9363018274307251,1.0,3,5000000.0,2,84,71.43,hot,heuristic_bootstrap,35
frustrated,0.9548541903495789,0.75,1,,2,70,21.29,cold,heuristic_bootstrap,613
enthusiastic,0.9623464941978455,1.0,3,10000000.0,2,95,89.01,hot,heuristic_bootstrap,61
enthusiastic,0.9629938006401062,0.75,2,,2,67,56.65,warm,heuristic_bootstrap,73
enthusiastic,0.9584640860557556,0.75,2,,2,66,56.51,warm,heuristic_bootstrap,8
frustrated,0.9375821948051453,0.75,2,,2,63,23.13,cold,heuristic_bootstrap,675
enthusiastic,0.9626851081848145,0.75,1,,2,68,54.71,warm,heuristic_bootstrap,236
enthusiastic,0.9579833745956421,1.0,1,12000000.0,2,63,82.8,hot,heuristic_bootstrap,22
enthusiastic,0.9580839276313782,0.75,3,,2,54,57.7,warm,heuristic_bootstrap,347
frustrated,0.9394598603248596,0.75,2,,2,67,23.36,cold,heuristic_bootstrap,580
frustrated,0.9343568086624146,1.0,3,8000000.0,2,66,53.88,warm,heuristic_bootstrap,231
enthusiastic,0.9636969566345215,1.0,1,12000000.0,2,70,83.36,hot,heuristic_bootstrap,254
enthusiastic,0.9632331728935242,0.75,2,,2,72,56.99,warm,heuristic_bootstrap,124
frustrated,0.9531591534614563,0.75,3,,2,62,24.79,cold,heuristic_bootstrap,463
enthusiastic,0.9573083519935608,1.0,2,8000000.0,2,62,84.72,hot,heuristic_bootstrap,449
hesitant,0.9388659000396729,1.0,1,10000000.0,2,97,68.3,warm,heuristic_bootstrap,553
hesitant,0.9450141191482544,0.75,1,,2,68,37.87,cold,heuristic_bootstrap,647
enthusiastic,0.9632377028465271,0.75,2,,2,60,56.19,warm,heuristic_bootstrap,320
enthusiastic,0.9557213187217712,0.75,3,,2,61,58.13,warm,heuristic_bootstrap,206
enthusiastic,0.9625398516654968,0.75,2,,2,80,57.51,warm,heuristic_bootstrap,607
frustrated,0.9560045003890991,0.75,2,,2,74,23.54,cold,heuristic_bootstrap,434
enthusiastic,0.9631051421165466,0.75,3,,2,72,58.99,warm,heuristic_bootstrap,599
frustrated,0.9538938999176025,0.75,3,,2,68,25.17,cold,heuristic_bootstrap,170
enthusiastic,0.9627007842063904,1.0,2,4500000.0,2,73,85.55,hot,heuristic_bootstrap,487
frustrated,0.9375625252723694,0.75,1,,2,64,21.19,cold,heuristic_bootstrap,132
enthusiastic,0.9630938172340393,1.0,3,4500000.0,2,92,88.82,hot,heuristic_bootstrap,129
enthusiastic,0.9621785283088684,0.75,2,,2,79,57.44,warm,heuristic_bootstrap,71
enthusiastic,0.954371988773346,0.75,1,,2,66,54.43,warm,heuristic_bootstrap,498
frustrated,0.9519743919372559,0.75,1,,2,70,21.34,cold,heuristic_bootstrap,88
hesitant,0.939934253692627,1.0,3,12000000.0,2,89,71.77,hot,heuristic_bootstrap,650
enthusiastic,0.9538220167160034,0.75,1,,2,67,54.49,warm,heuristic_bootstrap,247
frustrated,0.9534360766410828,1.0,3,5000000.0,2,101,55.88,warm,heuristic_bootstrap,60
enthusiastic,0.9630122184753418,0.75,2,,2,75,57.19,warm,heuristic_bootstrap,246
hesitant,0.944904625415802,0.75,2,,2,66,39.73,cold,heuristic_bootstrap,315
enthusiastic,0.9624191522598267,1.0,1,8000000.0,2,73,83.54,hot,heuristic_bootstrap,372
hesitant,0.9495317935943604,1.0,3,6500000.0,2,71,70.57,hot,heuristic_bootstrap,568
hesitant,0.9441666603088379,0.75,3,,2,59,41.27,warm,heuristic_bootstrap,20
frustrated,0.9549306035041809,1.0,1,6500000.0,2,95,51.46,warm,heuristic_bootstrap,501
frustrated,0.9551710486412048,0.75,2,,2,68,23.15,cold,heuristic_bootstrap,332
hesitant,0.943982720375061,0.75,2,,2,74,40.27,warm,heuristic_bootstrap,1
hesitant,0.9437012076377869,0.75,3,,2,79,42.6,warm,heuristic_bootstrap,544
enthusiastic,0.953400731086731,0.75,1,,2,62,54.15,warm,heuristic_bootstrap,166
enthusiastic,0.9618245959281921,0.75,3,,2,71,58.9,warm,heuristic_bootstrap,383
frustrated,0.9335537552833557,1.0,2,6500000.0,2,66,51.9,warm,heuristic_bootstrap,583
hesitant,0.9481750726699829,0.75,2,,2,78,40.53,warm,heuristic_bootstrap,679
hesitant,0.945425808429718,1.0,1,3000000.0,2,91,67.9,warm,heuristic_bootstrap,677
enthusiastic,0.9620612263679504,1.0,1,3000000.0,2,72,83.47,hot,heuristic_bootstrap,306
enthusiastic,0.9631285667419434,1.0,2,4500000.0,2,74,85.62,hot,heuristic_bootstrap,109
enthusiastic,0.9611121416091919,0.75,2,,2,78,57.35,warm,heuristic_bootstrap,520
hesitant,0.9490804672241211,1.0,3,5000000.0,2,71,70.57,hot,heuristic_bootstrap,183
